{
	"externalReferences": [{
			"uri": "http://localhost/Org.OData.Capabilities.V1/v4.0/Org.OData.Capabilities.V1.xml",
			"namespaces": [{
					"name": "Org.OData.Capabilities.V1",
					"alias": "Capabilities"
				}
			]
		}
	],
	"dataServices": [{
			"enumInfo": [],
			"schemaNameSpace": "ScheduleNamspace",
			"entityInfo": [{
					"teamcenterTypeName": "Schedule",
					"attributeInfo": [{
							"teamcenterAttrName": "finish_date",
							"isReadOnly": false,
							"inherited": false,
							"autoAdded": false,
							"isCollection": false,
							"attributeName": "FinishDate",
							"autoReadOnly": false,
							"isKeyProp": false,
							"isRuntime": false,
							"attributeDataType": "Date"
						}, {
							"teamcenterAttrName": "start_date",
							"isReadOnly": false,
							"inherited": false,
							"autoAdded": false,
							"isCollection": false,
							"attributeName": "StartDate",
							"autoReadOnly": false,
							"isKeyProp": false,
							"isRuntime": false,
							"attributeDataType": "Date"
						}, {
							"teamcenterAttrName": "object_name",
							"isReadOnly": false,
							"inherited": false,
							"autoAdded": false,
							"isCollection": false,
							"attributeName": "Name",
							"autoReadOnly": false,
							"isKeyProp": false,
							"isRuntime": false,
							"attributeDataType": "String"
						}, {
							"teamcenterAttrName": "item_id",
							"isReadOnly": false,
							"inherited": false,
							"autoAdded": false,
							"isCollection": false,
							"attributeName": "ID",
							"autoReadOnly": false,
							"isKeyProp": false,
							"isRuntime": false,
							"attributeDataType": "String"
						}, {
							"teamcenterAttrName": "fnd0SSTCompletePercent",
							"isReadOnly": false,
							"inherited": false,
							"autoAdded": false,
							"isCollection": false,
							"attributeName": "Percent_Complete",
							"autoReadOnly": false,
							"isKeyProp": false,
							"isRuntime": true,
							"attributeDataType": "String"
						}, {
							"teamcenterAttrName": "puid",
							"isReadOnly": true,
							"inherited": false,
							"autoAdded": false,
							"isCollection": false,
							"attributeName": "uid",
							"autoReadOnly": true,
							"isKeyProp": true,
							"isRuntime": false,
							"attributeDataType": "String"
						}
					],
					"oDataEntityName": "ScheduleNamspace.Schedule",
					"stream": false,
					"autoAdded": false,
					"actionInfo": [],
					"exposeObject": true,
					"creatable": true,
					"isAbstract": false
				}, {
					"teamcenterTypeName": "ScheduleTask",
					"attributeInfo": [{
							"teamcenterAttrName": "finish_date",
							"isReadOnly": false,
							"inherited": false,
							"autoAdded": false,
							"isCollection": false,
							"attributeName": "FinishDate",
							"autoReadOnly": false,
							"isKeyProp": false,
							"isRuntime": false,
							"attributeDataType": "Date"
						}, {
							"teamcenterAttrName": "start_date",
							"isReadOnly": false,
							"inherited": false,
							"autoAdded": false,
							"isCollection": false,
							"attributeName": "StartDate",
							"autoReadOnly": false,
							"isKeyProp": false,
							"isRuntime": false,
							"attributeDataType": "Date"
						}, {
							"teamcenterAttrName": "fnd0state",
							"isReadOnly": false,
							"inherited": false,
							"autoAdded": false,
							"isCollection": false,
							"attributeName": "State",
							"autoReadOnly": false,
							"isKeyProp": false,
							"isRuntime": false,
							"attributeDataType": "String"
						}, {
							"teamcenterAttrName": "fnd0status",
							"isReadOnly": false,
							"inherited": false,
							"autoAdded": false,
							"isCollection": false,
							"attributeName": "Status",
							"autoReadOnly": false,
							"isKeyProp": false,
							"isRuntime": false,
							"attributeDataType": "String"
						}, {
							"teamcenterAttrName": "object_name",
							"isReadOnly": false,
							"inherited": false,
							"autoAdded": false,
							"isCollection": false,
							"attributeName": "Name",
							"autoReadOnly": false,
							"isKeyProp": false,
							"isRuntime": false,
							"attributeDataType": "String"
						}, {
							"teamcenterAttrName": "item_id",
							"isReadOnly": false,
							"inherited": false,
							"autoAdded": false,
							"isCollection": false,
							"attributeName": "ID",
							"autoReadOnly": false,
							"isKeyProp": false,
							"isRuntime": false,
							"attributeDataType": "String"
						}, {
							"teamcenterAttrName": "constraint",
							"isReadOnly": false,
							"inherited": false,
							"autoAdded": false,
							"isCollection": false,
							"attributeName": "Constraint",
							"autoReadOnly": false,
							"isKeyProp": false,
							"isRuntime": false,
							"attributeDataType": "Integer"
						}, {
							"teamcenterAttrName": "schedule_tag",
							"isReadOnly": false,
							"inherited": false,
							"autoAdded": false,
							"isCollection": false,
							"referenceType": "ScheduleNamspace.Schedule",
							"attributeName": "Schedule",
							"autoReadOnly": false,
							"isKeyProp": false,
							"isRuntime": false,
							"attributeDataType": "Reference"
						}, {
							"teamcenterAttrName": "puid",
							"isReadOnly": true,
							"inherited": false,
							"autoAdded": false,
							"isCollection": false,
							"attributeName": "uid",
							"autoReadOnly": true,
							"isKeyProp": true,
							"isRuntime": false,
							"attributeDataType": "String"
						}
					],
					"oDataEntityName": "ScheduleNamspace.Schedule_Task",
					"stream": false,
					"autoAdded": false,
					"actionInfo": [],
					"exposeObject": true,
					"creatable": true,
					"isAbstract": false
				}, {
					"teamcenterTypeName": "CMHasWorkBreakdown",
					"attributeInfo": [{
							"teamcenterAttrName": "primary_object",
							"isReadOnly": false,
							"inherited": false,
							"autoAdded": false,
							"isCollection": false,
							"referenceType": "ScheduleNamspace.Change_Request",
							"attributeName": "Primary_Reference",
							"autoReadOnly": false,
							"isKeyProp": false,
							"isRuntime": false,
							"attributeDataType": "Reference"
						}, {
							"teamcenterAttrName": "secondary_object",
							"isReadOnly": false,
							"inherited": false,
							"autoAdded": false,
							"isCollection": false,
							"referenceType": "ScheduleNamspace.Schedule",
							"attributeName": "Secondary_Reference",
							"autoReadOnly": false,
							"isKeyProp": false,
							"isRuntime": false,
							"attributeDataType": "Reference"
						}, {
							"teamcenterAttrName": "puid",
							"isReadOnly": true,
							"inherited": false,
							"autoAdded": false,
							"isCollection": false,
							"attributeName": "uid",
							"autoReadOnly": true,
							"isKeyProp": true,
							"isRuntime": false,
							"attributeDataType": "String"
						}
					],
					"oDataEntityName": "ScheduleNamspace.Plans",
					"stream": false,
					"autoAdded": false,
					"actionInfo": [],
					"exposeObject": true,
					"creatable": true,
					"isAbstract": false
				}, {
					"teamcenterTypeName": "CMHasImpactedItem",
					"attributeInfo": [{
							"teamcenterAttrName": "primary_object",
							"isReadOnly": false,
							"inherited": false,
							"autoAdded": false,
							"isCollection": false,
							"referenceType": "ScheduleNamspace.Change_Request",
							"attributeName": "Primary_Reference1",
							"autoReadOnly": false,
							"isKeyProp": false,
							"isRuntime": false,
							"attributeDataType": "Reference"
						}, {
							"teamcenterAttrName": "secondary_object",
							"isReadOnly": false,
							"inherited": false,
							"autoAdded": false,
							"isCollection": false,
							"referenceType": "ScheduleNamspace.Item",
							"attributeName": "Secondary_Reference1",
							"autoReadOnly": false,
							"isKeyProp": false,
							"isRuntime": false,
							"attributeDataType": "Reference"
						}, {
							"teamcenterAttrName": "puid",
							"isReadOnly": true,
							"inherited": false,
							"autoAdded": false,
							"isCollection": false,
							"attributeName": "uid",
							"autoReadOnly": true,
							"isKeyProp": true,
							"isRuntime": false,
							"attributeDataType": "String"
						}
					],
					"oDataEntityName": "ScheduleNamspace.Impacted",
					"stream": false,
					"autoAdded": false,
					"actionInfo": [],
					"exposeObject": true,
					"creatable": true,
					"isAbstract": false
				}, {
					"teamcenterTypeName": "ChangeRequestRevision",
					"attributeInfo": [{
							"teamcenterAttrName": "CMHasWorkBreakdown",
							"isReadOnly": false,
							"inherited": false,
							"autoAdded": false,
							"isCollection": true,
							"referenceType": "ScheduleNamspace.Plans",
							"attributeName": "Plans",
							"autoReadOnly": false,
							"isKeyProp": false,
							"isRuntime": false,
							"attributeDataType": "Relation"
						}, {
							"teamcenterAttrName": "CMHasImpactedItem",
							"isReadOnly": false,
							"inherited": false,
							"autoAdded": false,
							"isCollection": true,
							"referenceType": "ScheduleNamspace.Impacted",
							"attributeName": "Impacted",
							"autoReadOnly": false,
							"isKeyProp": false,
							"isRuntime": false,
							"attributeDataType": "Relation"
						}, {
							"teamcenterAttrName": "CMMaturity",
							"isReadOnly": false,
							"inherited": false,
							"autoAdded": false,
							"isCollection": false,
							"attributeName": "Maturity",
							"autoReadOnly": false,
							"isKeyProp": false,
							"isRuntime": false,
							"attributeDataType": "String"
						}, {
							"teamcenterAttrName": "object_name",
							"isReadOnly": false,
							"inherited": false,
							"autoAdded": false,
							"isCollection": false,
							"attributeName": "Synopsis",
							"autoReadOnly": false,
							"isKeyProp": false,
							"isRuntime": false,
							"attributeDataType": "String"
						}, {
							"teamcenterAttrName": "item_id",
							"isReadOnly": false,
							"inherited": false,
							"autoAdded": false,
							"isCollection": false,
							"attributeName": "ECR_Number",
							"autoReadOnly": false,
							"isKeyProp": false,
							"isRuntime": true,
							"attributeDataType": "String"
						}, {
							"teamcenterAttrName": "puid",
							"isReadOnly": true,
							"inherited": false,
							"autoAdded": false,
							"isCollection": false,
							"attributeName": "uid",
							"autoReadOnly": true,
							"isKeyProp": true,
							"isRuntime": false,
							"attributeDataType": "String"
						}
					],
					"oDataEntityName": "ScheduleNamspace.Change_Request",
					"stream": false,
					"autoAdded": false,
					"actionInfo": [],
					"exposeObject": true,
					"creatable": true,
					"isAbstract": false
				}, {
					"teamcenterTypeName": "ItemRevision",
					"attributeInfo": [{
							"teamcenterAttrName": "object_name",
							"isReadOnly": false,
							"inherited": false,
							"autoAdded": false,
							"isCollection": false,
							"attributeName": "Name",
							"autoReadOnly": false,
							"isKeyProp": false,
							"isRuntime": false,
							"attributeDataType": "String"
						}, {
							"teamcenterAttrName": "item_id",
							"isReadOnly": false,
							"inherited": false,
							"autoAdded": false,
							"isCollection": false,
							"attributeName": "ID",
							"autoReadOnly": false,
							"isKeyProp": false,
							"isRuntime": true,
							"attributeDataType": "String"
						}, {
							"teamcenterAttrName": "object_desc",
							"isReadOnly": false,
							"inherited": false,
							"autoAdded": false,
							"isCollection": false,
							"attributeName": "Description",
							"autoReadOnly": false,
							"isKeyProp": false,
							"isRuntime": false,
							"attributeDataType": "String"
						}, {
							"teamcenterAttrName": "puid",
							"isReadOnly": true,
							"inherited": false,
							"autoAdded": false,
							"isCollection": false,
							"attributeName": "uid",
							"autoReadOnly": true,
							"isKeyProp": true,
							"isRuntime": false,
							"attributeDataType": "String"
						}
					],
					"oDataEntityName": "ScheduleNamspace.Item",
					"stream": false,
					"autoAdded": false,
					"actionInfo": [],
					"exposeObject": true,
					"creatable": true,
					"isAbstract": false
				}
			],
			"actionInfo": [],
			"complexTypeInfo": []
		}
	]
}
